Model,Mean Squared Error,Mean Absolute Error,R^2 Score,Explained Variance Score,Composite Score
Linear Regression,4.755418977205073,1.8416201093547746,-0.0069734160068619655,0.01741774240128635,0.8000000000000002
Decision Tree,10.986297500000001,2.7213499999999997,-1.3263795631620052,-1.2905491165014529,-0.4
Random Forest,4.989515338650001,1.8786835000000002,-0.05654398253084958,-0.030219156769228706,0.7543484912854357
Support Vector Regressor,4.822881074537464,1.8698649661459645,-0.02125870588929235,0.003976144066620502,0.7829167877040477
